{"cameraMode":{"drawMode":0,"name":"Shaded","section":"Shading Mode"},"sceneLighting":false,"audioPlay":false,"sceneViewState":{"m_AlwaysRefresh":false,"showFog":true,"showSkybox":true,"showFlares":true,"showImageEffects":true,"showParticleSystems":true,"showVisualEffectGraphs":true,"m_FxEnabled":true},"in2DMode":false,"pivot":{"x":-15.180217742919922,"y":-0.3622618615627289,"z":-2.343898296356201},"rotation":{"x":0.031796831637620929,"y":0.022485926747322084,"z":-0.0006112855044193566,"w":0.9991912245750427},"size":2.9997611045837404,"orthographic":false}