{"cameraMode":{"drawMode":0,"name":"Shaded","section":"Shading Mode"},"sceneLighting":false,"audioPlay":false,"sceneViewState":{"m_AlwaysRefresh":false,"showFog":true,"showSkybox":true,"showFlares":true,"showImageEffects":true,"showParticleSystems":true,"showVisualEffectGraphs":true,"m_FxEnabled":true},"in2DMode":false,"pivot":{"x":7.907979488372803,"y":2.2201850414276125,"z":13.162544250488282},"rotation":{"x":-0.04013732075691223,"y":0.040443673729896548,"z":0.0017075991490855814,"w":0.9982290267944336},"size":10.597400665283204,"orthographic":false}