{"cameraMode":{"drawMode":0,"name":"Shaded","section":"Shading Mode"},"sceneLighting":false,"audioPlay":false,"sceneViewState":{"m_AlwaysRefresh":false,"showFog":true,"showSkybox":true,"showFlares":true,"showImageEffects":true,"showParticleSystems":true,"showVisualEffectGraphs":true,"m_FxEnabled":true},"in2DMode":false,"pivot":{"x":4.9668378829956059,"y":-0.7578629851341248,"z":3.956508159637451},"rotation":{"x":0.024309853091835977,"y":0.016498878598213197,"z":0.0002838569926097989,"w":0.9993358254432678},"size":9.6293363571167,"orthographic":false}