{"cameraMode":{"drawMode":0,"name":"Shaded","section":"Shading Mode"},"sceneLighting":true,"audioPlay":false,"sceneViewState":{"m_AlwaysRefresh":false,"showFog":true,"showSkybox":true,"showFlares":true,"showImageEffects":true,"showParticleSystems":true,"showVisualEffectGraphs":true,"m_FxEnabled":true},"in2DMode":false,"pivot":{"x":1.7905535697937012,"y":1.4167871475219727,"z":-4.17210578918457},"rotation":{"x":-0.0011861770180985332,"y":0.08688485622406006,"z":0.00010324719914933667,"w":0.9962159991264343},"size":2.9997611045837404,"orthographic":false}